Size,Vintage,Wine,Locale,Country,Region,SubRegion,Appellation,Producer,Type,Color,Category,Varietal
750ml,2020,Agricola Punica Montessu Isola dei Nuraghi IGT,"Italy, Sardinia, Isola dei Nuraghi IGT",Italy,Sardinia,Unknown,Isola dei Nuraghi IGT,Agricola Punica,Red,Red,Dry,Carignan Blend
750ml,2022,Alkina Grenache Kin,"Australia, South Australia, Barossa",Australia,South Australia,Barossa,Barossa,Alkina,Red,Red,Dry,Grenache
750ml,2017,Anna Maria Abbona Barolo,"Italy, Piedmont, Langhe, Barolo",Italy,Piedmont,Langhe,Barolo,Anna Maria Abbona,Red,Red,Dry,Nebbiolo
750ml,2016,Anna Maria Abbona Barolo Bricco San Pietro,"Italy, Piedmont, Langhe, Barolo",Italy,Piedmont,Langhe,Barolo,Anna Maria Abbona,Red,Red,Dry,Nebbiolo
750ml,2019,Domaine des Ardoisières Argile Rouge,"France, Savoie, Vin des Allobroges",France,Savoie,Unknown,Vin des Allobroges,Domaine des Ardoisières,Red,Red,Dry,Gamay
750ml,2020,Babo Chianti,"Italy, Tuscany, Chianti",Italy,Tuscany,Chianti,Chianti,Babo,Red,Red,Dry,Sangiovese
750ml,2021,Babo Chianti,"Italy, Tuscany, Chianti",Italy,Tuscany,Chianti,Chianti,Babo,Red,Red,Dry,Sangiovese
750ml,2021,Baglio di Grìsi Grillo,"Italy, Sicily, Terre Siciliane",Italy,Sicily,Unknown,Terre Siciliane,Baglio di Grìsi,White,White,Dry,Grillo
750ml,2021,Baglio di Grìsi Nero d'Avola,"Italy, Sicily, Terre Siciliane",Italy,Sicily,Unknown,Terre Siciliane,Baglio di Grìsi,Red,Red,Dry,Nero d'Avola
750ml,1001,Bandini Prosecco,"Italy, Veneto / Friuli-Venezia Giulia, Prosecco",Italy,Veneto / Friuli-Venezia Giulia,Unknown,Prosecco,Bandini,White - Sparkling,White,Sparkling,Glera
750ml,2021,Samuel Billaud Bourgogne d'Or,"France, Burgundy, Bourgogne Blanc",France,Burgundy,Unknown,Bourgogne Blanc,Samuel Billaud,White,White,Dry,Chardonnay
750ml,2022,Bleeding Heart Shiraz,"Australia, South Australia, Lower Murray",Australia,South Australia,Lower Murray,Unknown,Bleeding Heart,Red,Red,Dry,Shiraz
750ml,2021,Blind Corner Orange,"Australia, Western Australia, South West Australia, Margaret River",Australia,Western Australia,South West Australia,Margaret River,Blind Corner,Orange,Orange,Dry,White Blend
750ml,1001,Bonnaire Champagne Tradition Brut,"France, Champagne",France,Champagne,Unknown,Champagne,Bonnaire,White - Sparkling,White,Sparkling,Champagne Blend
750ml,2021,Bortolin Angelo Valdobbiadene Extra Dry,"Italy, Veneto, Valdobbiadene",Italy,Veneto,Unknown,Valdobbiadene,Bortolin Angelo,White - Sparkling,White,Sparkling,Glera
750ml,2020,Boutinot Uva Non Grata,"France, Vin de France",France,France,Unknown,Vin de France,Boutinot,Red,Red,Dry,Gamay
750ml,2020,Bruno Lafon Languedoc Un Jardin d'ete Rose,"France, Languedoc Roussillon, Languedoc",France,Languedoc Roussillon,Languedoc,Languedoc,Bruno Lafon,Rosé,Rosé,Dry,Cinsault
750ml,2021,Bubb + Pooley Riesling,"Australia, Tasmania, Coal River",Australia,Tasmania,Coal River,Unknown,Bubb + Pooley,White,White,Dry,Riesling
750ml,2021,By Farr Chardonnay,"Australia, Victoria, Port Phillip, Geelong",Australia,Victoria,Port Phillip,Geelong,By Farr,White,White,Dry,Chardonnay
750ml,2022,Byrne Farm Chardonnay,"Australia, New South Wales, Central Ranges, Orange",Australia,New South Wales,Central Ranges,Orange,Byrne Farm,White,White,Dry,Chardonnay
750ml,2015,Campo Viejo Rioja Gran Reserva,"Spain, La Rioja, Rioja",Spain,La Rioja,Unknown,Rioja,Campo Viejo,Red,Red,Dry,Tempranillo Blend
750ml,2020,Cantine Nicosia Etna Vulka Bianco,"Italy, Sicily, Etna DOC",Italy,Sicily,Unknown,Etna DOC,Cantine Nicosia,White,White,Dry,Catarratto
750ml,2019,Bodega Catena Zapata Malbec Catena High Mountain Vines,"Argentina, Mendoza",Argentina,Mendoza,Unknown,Unknown,Bodega Catena Zapata,Red,Red,Dry,Malbec
750ml,2018,Chalmers Schioppettino Dott.,"Australia, Victoria, Central Victoria, Heathcote",Australia,Victoria,Central Victoria,Heathcote,Chalmers,Red,Red,Dry,Schioppettino
750ml,2022,Chalmers Vermentino,"Australia, Victoria, Central Victoria, Heathcote",Australia,Victoria,Central Victoria,Heathcote,Chalmers,White,White,Dry,Vermentino
750ml,2021,Chatto Wines Pinot Noir Mania,"Australia, Tasmania, Tamar Valley",Australia,Tasmania,Unknown,Tamar Valley,Chatto Wines,Red,Red,Dry,Pinot Noir
750ml,1001,"Chiyo Shuzo ""Shinomine""","Japan, Ch&#363;goku, Yamaguchi",Japan,Ch&#363;goku,Yamaguchi,Unknown,"Chiyo Shuzo ""Shinomine""",Sake,White,Brewed,Rice
750ml,2021,Chris Ringland Shiraz,"Australia, South Australia, Barossa, Barossa Range",Australia,South Australia,Barossa,Barossa Range,Chris Ringland,Red,Red,Dry,Shiraz
750ml,2022,Cirillo Grenache 1850's Old Vine,"Australia, South Australia, Barossa, Barossa Valley",Australia,South Australia,Barossa,Barossa Valley,Cirillo,Rosé,Rosé,Dry,Grenache
750ml,2021,Ciù Ciù Falerio Oris,"Italy, Marche, Falerio",Italy,Marche,Unknown,Falerio,Ciù Ciù,White,White,Dry,White Blend
750ml,2022,Clonakilla Shiraz O'Riada,"Australia, New South Wales, Southern New South Wales, Canberra District",Australia,New South Wales,Southern New South Wales,Canberra District,Clonakilla,Red,Red,Dry,Shiraz
750ml,2022,Cloudy Bay Sauvignon Blanc,"New Zealand, South Island, Marlborough",New Zealand,South Island,Marlborough,Marlborough,Cloudy Bay,White,White,Dry,Sauvignon Blanc
750ml,1001,Ulysse Collin Champagne Blanc de Blancs Extra Brut Les Pierrières,"France, Champagne",France,Champagne,Unknown,Champagne,Ulysse Collin,White - Sparkling,White,Sparkling,Chardonnay
750ml,2018,Crawford River Cabernets,"Australia, Victoria, Western Victoria, Henty",Australia,Victoria,Western Victoria,Henty,Crawford River,Red,Red,Dry,Red Bordeaux Blend
750ml,2021,Criante C21,"Italy, Sicily, Terre Siciliane",Italy,Sicily,Unknown,Terre Siciliane,Criante,White,White,Dry,Catarratto
750ml,2021,Cullen Wines Mangan East Block,"Australia, Western Australia, South West Australia, Margaret River",Australia,Western Australia,South West Australia,Margaret River,Cullen Wines,Red,Red,Dry,Red Bordeaux Blend
750ml,2018,d'Arenberg The Wild Pixie,"Australia, South Australia, Fleurieu, McLaren Vale",Australia,South Australia,Fleurieu,McLaren Vale,d'Arenberg,Red,Red,Dry,Shiraz Blend
750ml,2022,Das Juice Pet Nat Rosé,"Australia, South Australia, Fleurieu, McLaren Vale",Australia,South Australia,Fleurieu,McLaren Vale,Das Juice,Rosé - Sparkling,Rosé,Sparkling,Rosé Blend
750ml,2021,Marco De Bartoli Lucido,"Italy, Sicily, Terre Siciliane",Italy,Sicily,Unknown,Terre Siciliane,Marco De Bartoli,White,White,Dry,Lucido
750ml,2021,De Bortoli Sacred Hill Cabernet Merlot,"Australia, South Eastern",Australia,South Eastern,Unknown,Unknown,De Bortoli,Red,Red,Dry,Red Bordeaux Blend
750ml,2020,Deep Woods Estate Shiraz et al,"Australia, Western Australia, South West Australia, Margaret River",Australia,Western Australia,South West Australia,Margaret River,Deep Woods Estate,Red,Red,Dry,Shiraz Blend
750ml,2020,Cascina delle Rose Dolcetto d'Alba A Elizabeth,"Italy, Piedmont, Alba, Dolcetto d'Alba",Italy,Piedmont,Alba,Dolcetto d'Alba,Cascina delle Rose,Red,Red,Dry,Dolcetto
750ml,2019,Deviation Road Loftia,"Australia, South Australia, Mount Lofty Ranges, Adelaide Hills",Australia,South Australia,Mount Lofty Ranges,Adelaide Hills,Deviation Road,White - Sparkling,White,Sparkling,Pinot Blend
750ml,2021,Domenica Chardonnay,"Australia, Victoria, North East, Beechworth",Australia,Victoria,North East,Beechworth,Domenica,White,White,Dry,Chardonnay
750ml,2020,Faiveley Pinot Noir Bourgogne Joseph Faiveley,"France, Burgundy, Bourgogne",France,Burgundy,Unknown,Bourgogne,Faiveley,Red,Red,Dry,Pinot Noir
750ml,2021,Faiveley Pinot Noir Bourgogne Joseph Faiveley,"France, Burgundy, Bourgogne",France,Burgundy,Unknown,Bourgogne,Faiveley,Red,Red,Dry,Pinot Noir
750ml,2021,Farina Pinot Grigio Delle Venezie,"Italy, Delle Venezie",Italy,Italy,Unknown,Delle Venezie,Farina,White,White,Dry,Pinot Grigio
750ml,2021,Fasoli Gino Bardolino Classico La Corte del Pozzo,"Italy, Veneto, Bardolino Classico",Italy,Veneto,Unknown,Bardolino Classico,Fasoli Gino,Red,Red,Dry,Corvina Blend
750ml,2022,Fetherston Pinot Noir Fungi,"Australia, Victoria, Port Phillip, Yarra Valley",Australia,Victoria,Port Phillip,Yarra Valley,Fetherston,Red,Red,Dry,Pinot Noir
750ml,2021,Domaine Nathalie et Gilles Fevre Chablis,"France, Burgundy, Chablis",France,Burgundy,Chablis,Chablis,Domaine Nathalie et Gilles Fevre,White,White,Dry,Chardonnay
750ml,1001,Domaine Gavoty Var La Cigale,"France, Provence, Var",France,Provence,Unknown,Var,Domaine Gavoty,Rosé,Rosé,Dry,Rosé Blend
750ml,2021,Domaine Gavoty Var La Cigale,"France, Provence, Var",France,Provence,Unknown,Var,Domaine Gavoty,Rosé,Rosé,Dry,Rosé Blend
750ml,2021,Giacomo Boveri Piccolo Derthona,"Italy, Piedmont, Colli Tortonesi",Italy,Piedmont,Unknown,Colli Tortonesi,Giacomo Boveri,White,White,Dry,Timorasso
750ml,2016,Gilbert Family Wines Méthode Traditionnelle,"Australia, New South Wales, Central Ranges, Orange",Australia,New South Wales,Central Ranges,Orange,Gilbert Family Wines,White - Sparkling,White,Sparkling,Chardonnay Blend
750ml,2020,Girolamo Russo Etna 'a Rina,"Italy, Sicily, Etna DOC",Italy,Sicily,Unknown,Etna DOC,Girolamo Russo,Red,Red,Dry,Nerello Blend
750ml,2021,Girolamo Russo Etna Bianco Nerina,"Italy, Sicily, Etna DOC",Italy,Sicily,Unknown,Etna DOC,Girolamo Russo,White,White,Dry,Carricante
750ml,2022,Greywacke Sauvignon Blanc,"New Zealand, South Island, Marlborough",New Zealand,South Island,Marlborough,Marlborough,Greywacke,White,White,Dry,Sauvignon Blanc
750ml,2020,Hochkirch Pinot Noir Maximus,"Australia, Victoria, Western Victoria, Henty",Australia,Victoria,Western Victoria,Henty,Hochkirch,Red,Red,Dry,Pinot Noir
750ml,2021,Inama Soave Classico Vigneti di Carbonare,"Italy, Veneto, Soave Classico",Italy,Veneto,Unknown,Soave Classico,Inama,White,White,Dry,Garganega
750ml,2020,Izway Shiraz Bruce,"Australia, South Australia, Barossa, Barossa Valley",Australia,South Australia,Barossa,Barossa Valley,Izway,Red,Red,Dry,Shiraz
750ml,2020,Jim Barry Assyrtiko,"Australia, South Australia, Mount Lofty Ranges, Clare Valley",Australia,South Australia,Mount Lofty Ranges,Clare Valley,Jim Barry,White,White,Dry,Assyrtiko
750ml,2021,Jim Barry Riesling Watervale,"Australia, South Australia, Mount Lofty Ranges, Watervale",Australia,South Australia,Mount Lofty Ranges,Watervale,Jim Barry,White,White,Dry,Riesling
750ml,2021,John Duval Wines Shiraz Concilio,"Australia, South Australia, Barossa, Barossa Valley",Australia,South Australia,Barossa,Barossa Valley,John Duval Wines,Red,Red,Dry,Shiraz
750ml,2021,Joshua Cooper Cabernet Sauvignon Landsborough Shay's Flat,"Australia, Victoria, Western Victoria, Pyrenees",Australia,Victoria,Western Victoria,Pyrenees,Joshua Cooper,Red,Red,Dry,Cabernet Sauvignon
750ml,2021,Le Juice Fleurie Fleurie Gamay,"France, Burgundy, Beaujolais, Fleurie",France,Burgundy,Beaujolais,Fleurie,Le Juice,Red,Red,Dry,Gamay
750ml,2019,Kendall-Jackson Chardonnay Vintner's Reserve,"USA, California",USA,California,Unknown,California,Kendall-Jackson,White,White,Dry,Chardonnay
750ml,2021,Koerner Nielluccio Sangiovese Vivian Vineyard,"Australia, South Australia, Mount Lofty Ranges, Clare Valley",Australia,South Australia,Mount Lofty Ranges,Clare Valley,Koerner,Red,Red,Dry,Red Blend
750ml,2019,Kuenhof (Peter Pliger) Riesling Kaiton,"Italy, Trentino-Alto Adige, Alto Adige, Valle Isarco / Eisacktaler",Italy,Trentino-Alto Adige,Alto Adige,Valle Isarco / Eisacktaler,Kuenhof (Peter Pliger),White,White,Dry,Riesling
750ml,2020,Leeuwin Estate Cabernet Sauvignon Prelude,"Australia, Western Australia, South West Australia, Margaret River",Australia,Western Australia,South West Australia,Margaret River,Leeuwin Estate,Red,Red,Dry,Cabernet Sauvignon
750ml,2021,Leeuwin Estate Chardonnay Prelude,"Australia, Western Australia, South West Australia, Margaret River",Australia,Western Australia,South West Australia,Margaret River,Leeuwin Estate,White,White,Dry,Chardonnay
750ml,2020,Leeuwin Estate Shiraz Art Series,"Australia, Western Australia, South West Australia, Margaret River",Australia,Western Australia,South West Australia,Margaret River,Leeuwin Estate,Red,Red,Dry,Shiraz
750ml,2017,Leogate Estate Merlot Miracle on the Wire Organic,"Australia, New South Wales, Central Ranges, Mudgee",Australia,New South Wales,Central Ranges,Mudgee,Leogate Estate,Red,Red,Dry,Merlot
750ml,2022,Lethbridge Wines Pinot Gris,"Australia, Victoria, Port Phillip, Geelong",Australia,Victoria,Port Phillip,Geelong,Lethbridge Wines,White,White,Dry,Pinot Gris
750ml,2021,Lethbridge Wines Pinot Noir,"Australia, Victoria, Port Phillip, Geelong",Australia,Victoria,Port Phillip,Geelong,Lethbridge Wines,Red,Red,Dry,Pinot Noir
750ml,2018,Domaine des Lises Crozes-Hermitage,"France, Rhône, Northern Rhône, Crozes-Hermitage",France,Rhône,Northern Rhône,Crozes-Hermitage,Domaine des Lises,Red,Red,Dry,Syrah
750ml,2020,Le Macchiole Bolgheri Rosso,"Italy, Tuscany, Bolgheri",Italy,Tuscany,Bolgheri,Bolgheri,Le Macchiole,Red,Red,Dry,SuperTuscan Blend
750ml,2021,Le Macchiole Bolgheri Rosso,"Italy, Tuscany, Bolgheri",Italy,Tuscany,Bolgheri,Bolgheri,Le Macchiole,Red,Red,Dry,SuperTuscan Blend
750ml,2021,Mamete Prevostini Monrose,"Italy, Lombardia, Alpi Retiche",Italy,Lombardia,Unknown,Alpi Retiche,Mamete Prevostini,Rosé,Rosé,Dry,Nebbiolo
750ml,2015,Clos du Marquis,"France, Bordeaux, Médoc, St. Julien",France,Bordeaux,Médoc,St. Julien,Clos du Marquis,Red,Red,Dry,Red Bordeaux Blend
750ml,2020,Matías Riccitelli Malbec Hey Malbec!,"Argentina, Mendoza, Lujan de Cuyo",Argentina,Mendoza,Lujan de Cuyo,Unknown,Matías Riccitelli,Red,Red,Dry,Malbec
750ml,2021,Matías Riccitelli Malbec Hey Malbec!,"Argentina, Mendoza, Lujan de Cuyo",Argentina,Mendoza,Lujan de Cuyo,Unknown,Matías Riccitelli,Red,Red,Dry,Malbec
750ml,2021,MMAD Vineyard Chenin Blanc Blewitt Springs,"Australia, South Australia, Fleurieu, McLaren Vale",Australia,South Australia,Fleurieu,McLaren Vale,MMAD Vineyard,White,White,Dry,Chenin Blanc
750ml,2019,Mauro Molino Dolcetto d'Alba,"Italy, Piedmont, Alba, Dolcetto d'Alba",Italy,Piedmont,Alba,Dolcetto d'Alba,Mauro Molino,Red,Red,Dry,Dolcetto
750ml,2022,Mount Horrocks Riesling Cordon Cut,"Australia, South Australia, Mount Lofty Ranges, Clare Valley",Australia,South Australia,Mount Lofty Ranges,Clare Valley,Mount Horrocks,White - Sweet/Dessert,White,Sweet/Dessert,Riesling
750ml,2019,Mount Pleasant Wines Mount Henry Shiraz Pinot Noir,"Australia, New South Wales, Hunter Valley",Australia,New South Wales,Hunter Valley,Hunter Valley,Mount Pleasant Wines,Red,Red,Dry,Shiraz Blend
750ml,2022,Mr. Barval Nebbia,"Australia, Western Australia, South West Australia, Margaret River",Australia,Western Australia,South West Australia,Margaret River,Mr. Barval,Red,Red,Dry,Nebbiolo Blend
750ml,2020,Mt. Difficulty Pinot Noir Bannockburn,"New Zealand, South Island, Otago, Bannockburn",New Zealand,South Island,Otago,Bannockburn,Mt. Difficulty,Red,Red,Dry,Pinot Noir
750ml,1001,Mumm Tasmania Brut Prestige,"Australia, Tasmania",Australia,Tasmania,Unknown,Unknown,Mumm,White - Sparkling,White,Sparkling,Pinot Blend
750ml,2021,Murdoch Hill Pinot Noir The Phaeton,"Australia, South Australia, Mount Lofty Ranges, Piccadilly Valley",Australia,South Australia,Mount Lofty Ranges,Piccadilly Valley,Murdoch Hill,Red,Red,Dry,Pinot Noir
750ml,2021,Nick Spencer Chardonnay,"Australia, New South Wales, Southern New South Wales, Tumbarumba",Australia,New South Wales,Southern New South Wales,Tumbarumba,Nick Spencer,White,White,Dry,Chardonnay
750ml,2021,Nino Barraco Fior di Bianco,"Italy, Sicily, Terre Siciliane",Italy,Sicily,Unknown,Terre Siciliane,Nino Barraco,White,White,Dry,White Blend
750ml,2017,Andrea Oberto Barolo del comune di La Morra,"Italy, Piedmont, Langhe, Barolo",Italy,Piedmont,Langhe,Barolo,Andrea Oberto,Red,Red,Dry,Nebbiolo
750ml,2021,Arianna Occhipinti SP68 Rosso,"Italy, Sicily, Terre Siciliane",Italy,Sicily,Unknown,Terre Siciliane,Arianna Occhipinti,Red,Red,Dry,Red Blend
750ml,2020,Orlando Grenache Cellar 13,"Australia, South Australia, Barossa, Barossa Valley",Australia,South Australia,Barossa,Barossa Valley,Orlando,Red,Red,Dry,Grenache
750ml,2019,Orlando Riesling Steingarten,"Australia, South Australia, Barossa, Eden Valley",Australia,South Australia,Barossa,Eden Valley,Orlando,White,White,Dry,Riesling
750ml,2021,Domaine Oudin Chablis,"France, Burgundy, Chablis",France,Burgundy,Chablis,Chablis,Domaine Oudin,White,White,Dry,Chardonnay
750ml,2017,S.C. Pannell Tempranillo Dead End,"Australia, South Australia, Fleurieu, McLaren Vale",Australia,South Australia,Fleurieu,McLaren Vale,S.C. Pannell,Red,Red,Dry,Tempranillo
750ml,2021,Patrick Sullivan Jumping Juice Half Full,Australia,Australia,Australia,Unknown,Unknown,Patrick Sullivan,Red,Red,Dry,Sangiovese Blend
750ml,2022,Patrick Sullivan Jumping Juice Half Full,Australia,Australia,Australia,Unknown,Unknown,Patrick Sullivan,Red,Red,Dry,Sangiovese Blend
750ml,2022,Penfolds Chardonnay Max's,"Australia, South Australia, Mount Lofty Ranges, Adelaide Hills",Australia,South Australia,Mount Lofty Ranges,Adelaide Hills,Penfolds,White,White,Dry,Chardonnay
750ml,2014,Perrier-Jouët Champagne Belle Epoque,"France, Champagne",France,Champagne,Unknown,Champagne,Perrier-Jouët,White - Sparkling,White,Sparkling,Champagne Blend
750ml,1001,Perrier-Jouët Champagne Blason de France,"France, Champagne",France,Champagne,Unknown,Champagne,Perrier-Jouët,Rosé - Sparkling,Rosé,Sparkling,Champagne Blend
750ml,1001,Perrier-Jouët Champagne Grand Brut,"France, Champagne",France,Champagne,Unknown,Champagne,Perrier-Jouët,White - Sparkling,White,Sparkling,Champagne Blend
750ml,1001,Pfeiffer Seriously Fine Pale Dry Apera,"Australia, Victoria, North East, Rutherglen",Australia,Victoria,North East,Rutherglen,Pfeiffer,White - Fortified,White,Fortified,Palomino Fino
750ml,2021,Pieropan Soave Classico,"Italy, Veneto, Soave Classico",Italy,Veneto,Unknown,Soave Classico,Pieropan,White,White,Dry,Garganega
750ml,2021,Pithon-Paillé Grolleau Grololo,"France, Loire Valley",France,Loire Valley,Unknown,Unknown,Pithon-Paillé,Red,Red,Dry,Grolleau
750ml,2020,Fattoria Poggerino Chianti Classico,"Italy, Tuscany, Chianti, Chianti Classico DOCG",Italy,Tuscany,Chianti,Chianti Classico DOCG,Fattoria Poggerino,Red,Red,Dry,Sangiovese
750ml,2018,Pr&#333;ter&#333; Nebbiolo Gumeracha,"Australia, South Australia, Mount Lofty Ranges, Adelaide Hills",Australia,South Australia,Mount Lofty Ranges,Adelaide Hills,Pr&#333;ter&#333;,Red,Red,Dry,Nebbiolo
750ml,2020,"Podere Pradarolo ""Vej"" Bianco Antico Emilia IGT","Italy, Emilia-Romagna, Emilia IGT",Italy,Emilia-Romagna,Unknown,Emilia IGT,Podere Pradarolo,Orange,Orange,Dry,Malvasia di Candia
750ml,2020,Prieuré Saint Côme Petit Chablis,"France, Burgundy, Chablis, Petit Chablis",France,Burgundy,Chablis,Petit Chablis,Prieuré Saint Côme,White,White,Dry,Chardonnay
750ml,2017,Punset Langhe Neh!,"Italy, Piedmont, Langhe, Langhe DOC",Italy,Piedmont,Langhe,Langhe DOC,Punset,Red,Red,Dry,Red Blend
750ml,2020,Les Quatre Tours Côtes de Provence Rosé,"France, Provence, Côtes de Provence",France,Provence,Unknown,Côtes de Provence,Les Quatre Tours,Rosé,Rosé,Dry,Rosé Blend
750ml,2020,Radikon Slatnik,"Italy, Friuli-Venezia Giulia, Venezia Giulia IGT",Italy,Friuli-Venezia Giulia,Unknown,Venezia Giulia IGT,Radikon,Orange,Orange,Dry,Chardonnay Blend
750ml,2020,Rocca di Montegrossi Chianti Classico,"Italy, Tuscany, Chianti, Chianti Classico DOCG",Italy,Tuscany,Chianti,Chianti Classico DOCG,Rocca di Montegrossi,Red,Red,Dry,Sangiovese Blend
750ml,2020,Rockford Moppa Springs,"Australia, South Australia, Barossa, Barossa Valley",Australia,South Australia,Barossa,Barossa Valley,Rockford,Red,Red,Dry,Red Rhone Blend
750ml,2019,Giovanni Rosso Etna Bianco,"Italy, Sicily, Etna DOC",Italy,Sicily,Unknown,Etna DOC,Giovanni Rosso,White,White,Dry,Carricante
750ml,2019,"Scarpa Nebbiolo d'Alba Cru ""Bric du Nota""","Italy, Piedmont, Alba, Nebbiolo d'Alba",Italy,Piedmont,Alba,Nebbiolo d'Alba,Scarpa,Red,Red,Dry,Nebbiolo
750ml,2021,Domaine Séguinot-Bordet Chablis,"France, Burgundy, Chablis",France,Burgundy,Chablis,Chablis,Domaine Séguinot-Bordet,White,White,Dry,Chardonnay
750ml,2014,Shaw and Smith Shiraz,"Australia, South Australia, Mount Lofty Ranges, Adelaide Hills",Australia,South Australia,Mount Lofty Ranges,Adelaide Hills,Shaw and Smith,Red,Red,Dry,Shiraz
750ml,2019,Shaw and Smith Shiraz Balhannah,"Australia, South Australia, Mount Lofty Ranges, Adelaide Hills",Australia,South Australia,Mount Lofty Ranges,Adelaide Hills,Shaw and Smith,Red,Red,Dry,Shiraz
750ml,2022,Sigurd Chenin Blanc,"Australia, South Australia, Barossa, Barossa Valley",Australia,South Australia,Barossa,Barossa Valley,Sigurd,White,White,Dry,Chenin Blanc
750ml,2022,Domaine Simha Paysan Fleur Sauvage,"Australia, Tasmania, Southern Tasmania",Australia,Tasmania,Southern Tasmania,Unknown,Domaine Simha,Orange,Orange,Dry,Chardonnay Blend
750ml,2022,Smallfry Wines Barossa Tangerine Dream,"Australia, South Australia, Barossa, Barossa Valley",Australia,South Australia,Barossa,Barossa Valley,Smallfry Wines,White,White,Dry,White Blend
750ml,2020,Spinifex Shiraz Bete Noir,"Australia, South Australia, Barossa, Barossa Valley",Australia,South Australia,Barossa,Barossa Valley,Spinifex,Red,Red,Dry,Shiraz
750ml,2009,St Hugo Cabernet Sauvignon Coonawarra,"Australia, South Australia, Limestone Coast, Coonawarra",Australia,South Australia,Limestone Coast,Coonawarra,St Hugo,Red,Red,Dry,Cabernet Sauvignon
750ml,2021,St Hugo Grenache Shiraz Mataro,"Australia, South Australia, Barossa, Barossa Valley",Australia,South Australia,Barossa,Barossa Valley,St Hugo,Red,Red,Dry,Red Rhone Blend
750ml,2022,Stargazer Riesling,"Australia, Tasmania, Coal River",Australia,Tasmania,Coal River,Unknown,Stargazer,White,White,Dry,Riesling
750ml,2021,Stefano Lubiana Pinot Noir,"Australia, Tasmania",Australia,Tasmania,Unknown,Unknown,Stefano Lubiana,Red,Red,Dry,Pinot Noir
750ml,2021,Stoney Rise Pinot Noir,"Australia, Tasmania, Tamar Valley",Australia,Tasmania,Unknown,Tamar Valley,Stoney Rise,Red,Red,Dry,Pinot Noir
750ml,2021,Swinging Bridge Chardonnay Mrs Payten,"Australia, New South Wales, Central Ranges, Orange",Australia,New South Wales,Central Ranges,Orange,Swinging Bridge,White,White,Dry,Chardonnay
750ml,1001,Taittinger Champagne Cuvée Prestige,"France, Champagne",France,Champagne,Unknown,Champagne,Taittinger,White - Sparkling,White,Sparkling,Champagne Blend
750ml,2021,Tapanappa Pinot Noir Foggy Hill Vineyard,"Australia, South Australia, Fleurieu",Australia,South Australia,Fleurieu,Fleurieu,Tapanappa,Red,Red,Dry,Pinot Noir
750ml,2021,Terraviva Cerasuolo d'Abruzzo Giusi,"Italy, Abruzzi, Cerasuolo d'Abruzzo",Italy,Abruzzi,Unknown,Cerasuolo d'Abruzzo,Terraviva,Rosé,Rosé,Dry,Montepulciano
750ml,2008,Torbreck Descendant,"Australia, South Australia, Barossa, Barossa Valley",Australia,South Australia,Barossa,Barossa Valley,Torbreck,Red,Red,Dry,Shiraz Blend
750ml,2020,Torbreck Shiraz The Struie,"Australia, South Australia, Barossa",Australia,South Australia,Barossa,Barossa,Torbreck,Red,Red,Dry,Shiraz
750ml,2021,Torbreck Shiraz The Struie,"Australia, South Australia, Barossa",Australia,South Australia,Barossa,Barossa,Torbreck,Red,Red,Dry,Shiraz
750ml,1001,Bodegas Toro Albala Montilla-Moriles Marqués de Poley Oloroso,"Spain, Andalucía, Montilla-Moriles",Spain,Andalucía,Unknown,Montilla-Moriles,Bodegas Toro Albala,White - Sweet/Dessert,White,Sweet/Dessert,Pedro Ximénez
750ml,2019,Domaine de Vaccelli Ajaccio,"France, Corsica, Ajaccio",France,Corsica,Unknown,Ajaccio,Domaine de Vaccelli,Rosé,Rosé,Dry,Sciacarello
750ml,2022,Vinden Estate The Vinden Headcase 'Pokolbin Blanc',"Australia, New South Wales, Hunter Valley, Pokolbin",Australia,New South Wales,Hunter Valley,Pokolbin,Vinden Estate,White,White,Dry,White Blend
750ml,2022,William Downie Cathedral,"Australia, Victoria, Central Victoria, Upper Goulburn",Australia,Victoria,Central Victoria,Upper Goulburn,William Downie,Red,Red,Dry,Pinot Noir
750ml,2013,Woodlands Cabernet Merlot,"Australia, Western Australia, South West Australia, Margaret River",Australia,Western Australia,South West Australia,Margaret River,Woodlands,Red,Red,Dry,Red Bordeaux Blend
750ml,2019,Wynns Coonawarra Estate Cabernet Shiraz Merlot,"Australia, South Australia, Limestone Coast, Coonawarra",Australia,South Australia,Limestone Coast,Coonawarra,Wynns Coonawarra Estate,Red,Red,Dry,Cabernet-Shiraz Blend
750ml,2015,Yangarra Estate Old Vine Grenache,"Australia, South Australia, Fleurieu, McLaren Vale",Australia,South Australia,Fleurieu,McLaren Vale,Yangarra Estate,Red,Red,Dry,Grenache
750ml,2022,Yangarra Estate Rosé,"Australia, South Australia, Fleurieu, McLaren Vale",Australia,South Australia,Fleurieu,McLaren Vale,Yangarra Estate,Rosé,Rosé,Dry,Grenache Blend
750ml,2020,Yangarra Estate Roussanne Roux Beaute,"Australia, South Australia, Fleurieu, McLaren Vale",Australia,South Australia,Fleurieu,McLaren Vale,Yangarra Estate,White,White,Dry,Roussanne
750ml,2015,Yangarra Estate Shiraz McLaren Vale,"Australia, South Australia, Fleurieu, McLaren Vale",Australia,South Australia,Fleurieu,McLaren Vale,Yangarra Estate,Red,Red,Dry,Shiraz
750ml,2020,Yangarra Estate Shiraz McLaren Vale,"Australia, South Australia, Fleurieu, McLaren Vale",Australia,South Australia,Fleurieu,McLaren Vale,Yangarra Estate,Red,Red,Dry,Shiraz
750ml,2021,Yering Station Pinot Noir,"Australia, Victoria, Port Phillip, Yarra Valley",Australia,Victoria,Port Phillip,Yarra Valley,Yering Station,Red,Red,Dry,Pinot Noir
750ml,2016,Zema Estate Cabernet Sauvignon Family Selection,"Australia, South Australia, Limestone Coast, Coonawarra",Australia,South Australia,Limestone Coast,Coonawarra,Zema Estate,Red,Red,Dry,Cabernet Sauvignon
